"~start_node_id","~start_node_labels","~start_node_property_id","~relationship_type","~end_node_id","~end_node_labels","~end_node_property_id"
"0","Question",130864,"HAS_ANSWER","128","Answer",130861
"1","Question",130868,"HAS_ANSWER","129","Answer",130846
"2","Question",130870,"HAS_ANSWER","130","Answer",19000
"3","Question",130871,"HAS_ANSWER","131","Answer",130867
"4","Question",130873,"HAS_ANSWER","132","Answer",130869
"5","Question",130876,"HAS_ANSWER","133","Answer",59684
"6","Question",130880,"HAS_ANSWER","134","Answer",130872
"7","Question",130887,"HAS_ANSWER","135","Answer",122426
"8","Question",130889,"HAS_ANSWER","136","Answer",130883
"9","Question",130890,"HAS_ANSWER","137","Answer",130540
"10","Question",130892,"HAS_ANSWER","138","Answer",124489
"11","Question",130896,"HAS_ANSWER","139","Answer",130895
"12","Question",130903,"HAS_ANSWER","140","Answer",129989
"13","Question",130904,"HAS_ANSWER","141","Answer",53107
"14","Question",130906,"HAS_ANSWER","142","Answer",130888
"15","Question",130909,"HAS_ANSWER","143","Answer",88207
"16","Question",130910,"HAS_ANSWER","141","Answer",53107
"17","Question",130914,"HAS_ANSWER","144","Answer",130562
"18","Question",130915,"HAS_ANSWER","145","Answer",38328
"19","Question",130916,"HAS_ANSWER","140","Answer",129989
"20","Question",130920,"HAS_ANSWER","146","Answer",130917
"21","Question",130921,"HAS_ANSWER","147","Answer",130918
"22","Question",130923,"HAS_ANSWER","148","Answer",130879
"23","Question",130924,"HAS_ANSWER","149","Answer",78605
"24","Question",130925,"HAS_ANSWER","147","Answer",130918
"25","Question",130927,"HAS_ANSWER","150","Answer",117350
"26","Question",130930,"HAS_ANSWER","151","Answer",130843
"27","Question",130932,"HAS_ANSWER","152","Answer",130913
"28","Question",130934,"HAS_ANSWER","153","Answer",130907
"29","Question",130935,"HAS_ANSWER","152","Answer",130913
"30","Question",130936,"HAS_ANSWER","154","Answer",130687
"31","Question",130938,"HAS_ANSWER","155","Answer",130937
"32","Question",130942,"HAS_ANSWER","149","Answer",78605
"33","Question",130945,"HAS_ANSWER","156","Answer",130941
"34","Question",130948,"HAS_ANSWER","152","Answer",130913
"35","Question",130949,"HAS_ANSWER","157","Answer",130944
"36","Question",130950,"HAS_ANSWER","139","Answer",130895
"37","Question",130952,"HAS_ANSWER","158","Answer",130939
"38","Question",130953,"HAS_ANSWER","159","Answer",130805
"39","Question",130955,"HAS_ANSWER","160","Answer",130894
"40","Question",130959,"HAS_ANSWER","159","Answer",130805
"41","Question",130963,"HAS_ANSWER","161","Answer",130956
"42","Question",130964,"HAS_ANSWER","158","Answer",130939
"43","Question",130965,"HAS_ANSWER","128","Answer",130861
"44","Question",130971,"HAS_ANSWER","159","Answer",130805
"45","Question",130973,"HAS_ANSWER","162","Answer",101353
"46","Question",130977,"HAS_ANSWER","163","Answer",130970
"47","Question",130981,"HAS_ANSWER","164","Answer",130966
"48","Question",130982,"HAS_ANSWER","165","Answer",130900
"49","Question",130986,"HAS_ANSWER","166","Answer",130985
"50","Question",130987,"HAS_ANSWER","167","Answer",130962
"51","Question",130990,"HAS_ANSWER","166","Answer",130985
"52","Question",130995,"HAS_ANSWER","168","Answer",130992
"53","Question",131000,"HAS_ANSWER","166","Answer",130985
"54","Question",131001,"HAS_ANSWER","166","Answer",130985
"55","Question",131002,"HAS_ANSWER","169","Answer",130991
"56","Question",131003,"HAS_ANSWER","170","Answer",130997
"57","Question",131004,"HAS_ANSWER","171","Answer",130993
"58","Question",131008,"HAS_ANSWER","168","Answer",130992
"59","Question",131009,"HAS_ANSWER","166","Answer",130985
"60","Question",131010,"HAS_ANSWER","172","Answer",130998
"61","Question",131011,"HAS_ANSWER","173","Answer",130714
"62","Question",131012,"HAS_ANSWER","174","Answer",129661
"63","Question",131013,"HAS_ANSWER","170","Answer",130997
"64","Question",131016,"HAS_ANSWER","168","Answer",130992
"65","Question",131018,"HAS_ANSWER","175","Answer",131015
"66","Question",131020,"HAS_ANSWER","176","Answer",130994
"67","Question",131027,"HAS_ANSWER","177","Answer",130999
"68","Question",131030,"HAS_ANSWER","178","Answer",131029
"69","Question",131031,"HAS_ANSWER","179","Answer",130736
"70","Question",131033,"HAS_ANSWER","180","Answer",131028
"71","Question",131035,"HAS_ANSWER","175","Answer",131015
"72","Question",131036,"HAS_ANSWER","181","Answer",94743
"73","Question",131040,"HAS_ANSWER","182","Answer",130947
"74","Question",131042,"HAS_ANSWER","183","Answer",87870
"75","Question",131043,"HAS_ANSWER","184","Answer",131037
"76","Question",131047,"HAS_ANSWER","185","Answer",131046
"77","Question",131048,"HAS_ANSWER","177","Answer",130999
"78","Question",131049,"HAS_ANSWER","166","Answer",130985
"79","Question",131050,"HAS_ANSWER","186","Answer",131041
"80","Question",131052,"HAS_ANSWER","187","Answer",123094
"81","Question",131055,"HAS_ANSWER","188","Answer",131034
"82","Question",131061,"HAS_ANSWER","185","Answer",131046
"83","Question",131062,"HAS_ANSWER","189","Answer",131057
"84","Question",131069,"HAS_ANSWER","190","Answer",131065
"85","Question",131073,"HAS_ANSWER","180","Answer",131028
"86","Question",131077,"HAS_ANSWER","178","Answer",131029
"87","Question",131078,"HAS_ANSWER","190","Answer",131065
"88","Question",131081,"HAS_ANSWER","191","Answer",129402
"89","Question",131085,"HAS_ANSWER","192","Answer",65656
"90","Question",131096,"HAS_ANSWER","193","Answer",131088
"91","Question",131098,"HAS_ANSWER","194","Answer",131095
"92","Question",131099,"HAS_ANSWER","195","Answer",131092
"93","Question",131100,"HAS_ANSWER","195","Answer",131092
"94","Question",131102,"HAS_ANSWER","193","Answer",131088
"95","Question",131105,"HAS_ANSWER","196","Answer",131089
"96","Question",131107,"HAS_ANSWER","197","Answer",131054
"97","Question",131108,"HAS_ANSWER","198","Answer",112476
"98","Question",131110,"HAS_ANSWER","190","Answer",131065
"99","Question",131111,"HAS_ANSWER","193","Answer",131088
"100","Question",131114,"HAS_ANSWER","199","Answer",123692
"101","Question",131116,"HAS_ANSWER","200","Answer",131106
"102","Question",131119,"HAS_ANSWER","201","Answer",131068
"103","Question",131124,"HAS_ANSWER","202","Answer",131104
"104","Question",131127,"HAS_ANSWER","203","Answer",130902
"105","Question",131129,"HAS_ANSWER","204","Answer",131019
"106","Question",131131,"HAS_ANSWER","205","Answer",121520
"107","Question",131132,"HAS_ANSWER","206","Answer",131128
"108","Question",131133,"HAS_ANSWER","207","Answer",131125
"109","Question",131135,"HAS_ANSWER","206","Answer",131128
"110","Question",131136,"HAS_ANSWER","208","Answer",131130
"111","Question",131137,"HAS_ANSWER","209","Answer",131118
"112","Question",131143,"HAS_ANSWER","202","Answer",131104
"113","Question",131147,"HAS_ANSWER","210","Answer",131145
"114","Question",131150,"HAS_ANSWER","211","Answer",131149
"115","Question",131153,"HAS_ANSWER","212","Answer",131139
"116","Question",131156,"HAS_ANSWER","213","Answer",43709
"117","Question",131157,"HAS_ANSWER","214","Answer",131152
"118","Question",131158,"HAS_ANSWER","215","Answer",131144
"119","Question",131159,"HAS_ANSWER","214","Answer",131152
"120","Question",131161,"HAS_ANSWER","216","Answer",130983
"121","Question",131163,"HAS_ANSWER","217","Answer",131123
"122","Question",131169,"HAS_ANSWER","218","Answer",131164
"123","Question",131172,"HAS_ANSWER","219","Answer",123480
"124","Question",131173,"HAS_ANSWER","220","Answer",131166
"125","Question",131175,"HAS_ANSWER","221","Answer",82473
"126","Question",131176,"HAS_ANSWER","212","Answer",131139
"127","Question",131183,"HAS_ANSWER","222","Answer",131182
"223","Question",131184,"HAS_ANSWER","351","Answer",131179
"224","Question",131185,"HAS_ANSWER","351","Answer",131179
"225","Question",131186,"HAS_ANSWER","220","Answer",131166
"226","Question",131187,"HAS_ANSWER","352","Answer",131178
"227","Question",131188,"HAS_ANSWER","353","Answer",131171
"228","Question",131197,"HAS_ANSWER","351","Answer",131179
"229","Question",131203,"HAS_ANSWER","354","Answer",131193
"230","Question",131206,"HAS_ANSWER","355","Answer",12900
"231","Question",131209,"HAS_ANSWER","356","Answer",62940
"232","Question",131210,"HAS_ANSWER","357","Answer",131199
"233","Question",131217,"HAS_ANSWER","358","Answer",119710
"234","Question",131221,"HAS_ANSWER","359","Answer",131214
"235","Question",131222,"HAS_ANSWER","360","Answer",131219
"236","Question",131226,"HAS_ANSWER","361","Answer",131225
"237","Question",131231,"HAS_ANSWER","362","Answer",131196
"238","Question",131232,"HAS_ANSWER","361","Answer",131225
"239","Question",131234,"HAS_ANSWER","363","Answer",131233
"240","Question",131235,"HAS_ANSWER","364","Answer",131148
"241","Question",131238,"HAS_ANSWER","365","Answer",131237
"242","Question",131242,"HAS_ANSWER","366","Answer",131215
"243","Question",131244,"HAS_ANSWER","364","Answer",131148
"244","Question",131247,"HAS_ANSWER","367","Answer",131246
"245","Question",131252,"HAS_ANSWER","368","Answer",129109
"246","Question",131254,"HAS_ANSWER","369","Answer",131211
"247","Question",131257,"HAS_ANSWER","370","Answer",131080
"248","Question",131259,"HAS_ANSWER","371","Answer",131255
"249","Question",131262,"HAS_ANSWER","370","Answer",131080
"250","Question",131264,"HAS_ANSWER","371","Answer",131255
"251","Question",131266,"HAS_ANSWER","372","Answer",131249
"252","Question",131270,"HAS_ANSWER","373","Answer",83005
"253","Question",131271,"HAS_ANSWER","374","Answer",131253
"254","Question",131273,"HAS_ANSWER","375","Answer",131267
"255","Question",131274,"HAS_ANSWER","376","Answer",131167
"256","Question",131276,"HAS_ANSWER","377","Answer",103273
"257","Question",131277,"HAS_ANSWER","378","Answer",131268
"258","Question",131284,"HAS_ANSWER","379","Answer",131281
"259","Question",131288,"HAS_ANSWER","380","Answer",131230
"260","Question",131289,"HAS_ANSWER","381","Answer",106075
"261","Question",131291,"HAS_ANSWER","377","Answer",103273
"262","Question",131292,"HAS_ANSWER","382","Answer",131140
"263","Question",131298,"HAS_ANSWER","383","Answer",131285
"264","Question",131300,"HAS_ANSWER","369","Answer",131211
"265","Question",131302,"HAS_ANSWER","384","Answer",131295
"266","Question",131305,"HAS_ANSWER","384","Answer",131295
"267","Question",131306,"HAS_ANSWER","385","Answer",131286
"268","Question",131308,"HAS_ANSWER","384","Answer",131295
"269","Question",131311,"HAS_ANSWER","386","Answer",131299
"270","Question",131313,"HAS_ANSWER","387","Answer",131279
"271","Question",131314,"HAS_ANSWER","388","Answer",131309
"272","Question",131315,"HAS_ANSWER","389","Answer",73939
"273","Question",131318,"HAS_ANSWER","390","Answer",131316
"274","Question",131323,"HAS_ANSWER","391","Answer",61928
"275","Question",131324,"HAS_ANSWER","392","Answer",131320
"276","Question",131325,"HAS_ANSWER","393","Answer",131294
"277","Question",131329,"HAS_ANSWER","394","Answer",131312
"278","Question",131330,"HAS_ANSWER","395","Answer",131134
"279","Question",131333,"HAS_ANSWER","166","Answer",130985
"280","Question",131335,"HAS_ANSWER","396","Answer",129367
"281","Question",131337,"HAS_ANSWER","379","Answer",131281
"282","Question",131338,"HAS_ANSWER","397","Answer",131275
"283","Question",131346,"HAS_ANSWER","398","Answer",131343
"284","Question",131352,"HAS_ANSWER","398","Answer",131343
"285","Question",131354,"HAS_ANSWER","399","Answer",126244
"286","Question",131356,"HAS_ANSWER","392","Answer",131320
"287","Question",131358,"HAS_ANSWER","400","Answer",131357
"288","Question",131359,"HAS_ANSWER","398","Answer",131343
"289","Question",131365,"HAS_ANSWER","401","Answer",131341
"290","Question",131371,"HAS_ANSWER","401","Answer",131341
"291","Question",131372,"HAS_ANSWER","402","Answer",131369
"292","Question",131373,"HAS_ANSWER","402","Answer",131369
"293","Question",131377,"HAS_ANSWER","403","Answer",131229
"294","Question",131378,"HAS_ANSWER","404","Answer",109215
"295","Question",131384,"HAS_ANSWER","405","Answer",38967
"296","Question",131385,"HAS_ANSWER","406","Answer",131383
"297","Question",131387,"HAS_ANSWER","407","Answer",101375
"298","Question",131391,"HAS_ANSWER","408","Answer",131388
"299","Question",131392,"HAS_ANSWER","409","Answer",131389
"300","Question",131397,"HAS_ANSWER","405","Answer",38967
"301","Question",131399,"HAS_ANSWER","410","Answer",131393
"302","Question",131402,"HAS_ANSWER","411","Answer",129472
"303","Question",131411,"HAS_ANSWER","400","Answer",131357
"304","Question",131412,"HAS_ANSWER","403","Answer",131229
"305","Question",131417,"HAS_ANSWER","412","Answer",131191
"306","Question",131418,"HAS_ANSWER","413","Answer",96501
"307","Question",131422,"HAS_ANSWER","414","Answer",131401
"308","Question",131427,"HAS_ANSWER","402","Answer",131369
"309","Question",131429,"HAS_ANSWER","415","Answer",131424
"310","Question",131430,"HAS_ANSWER","416","Answer",131421
"311","Question",131434,"HAS_ANSWER","417","Answer",129592
"312","Question",131437,"HAS_ANSWER","418","Answer",131416
"313","Question",131439,"HAS_ANSWER","419","Answer",131435
"314","Question",131445,"HAS_ANSWER","420","Answer",131433
"315","Question",131448,"HAS_ANSWER","421","Answer",131446
"316","Question",131453,"HAS_ANSWER","422","Answer",131190
"317","Question",131454,"HAS_ANSWER","423","Answer",131442
"318","Question",131461,"HAS_ANSWER","424","Answer",131431
"319","Question",131462,"HAS_ANSWER","407","Answer",101375
"320","Question",131464,"HAS_ANSWER","425","Answer",131452
"321","Question",131467,"HAS_ANSWER","426","Answer",131455
"322","Question",131469,"HAS_ANSWER","426","Answer",131455
"323","Question",131472,"HAS_ANSWER","427","Answer",131400
"324","Question",131473,"HAS_ANSWER","428","Answer",131466
"325","Question",131474,"HAS_ANSWER","405","Answer",38967
"326","Question",131475,"HAS_ANSWER","429","Answer",131465
"327","Question",131478,"HAS_ANSWER","430","Answer",131459
"328","Question",131479,"HAS_ANSWER","431","Answer",72774
"329","Question",131480,"HAS_ANSWER","432","Answer",131426
"330","Question",131481,"HAS_ANSWER","433","Answer",131470
"331","Question",131483,"HAS_ANSWER","434","Answer",131208
"332","Question",131487,"HAS_ANSWER","435","Answer",131142
"333","Question",131489,"HAS_ANSWER","436","Answer",131471
"334","Question",131492,"HAS_ANSWER","437","Answer",131476
"335","Question",131494,"HAS_ANSWER","438","Answer",120163
"336","Question",131496,"HAS_ANSWER","439","Answer",131493
"337","Question",131498,"HAS_ANSWER","440","Answer",21021
"338","Question",131499,"HAS_ANSWER","441","Answer",121420
"339","Question",131501,"HAS_ANSWER","442","Answer",126553
"340","Question",131504,"HAS_ANSWER","190","Answer",131065
"341","Question",131505,"HAS_ANSWER","440","Answer",21021
"342","Question",131506,"HAS_ANSWER","443","Answer",131248
"343","Question",132510,"HAS_ANSWER","444","Answer",131507
"344","Question",132513,"HAS_ANSWER","445","Answer",132511
"345","Question",132514,"HAS_ANSWER","446","Answer",131503
"346","Question",132516,"HAS_ANSWER","447","Answer",131396
"347","Question",132517,"HAS_ANSWER","448","Answer",131360
"348","Question",132518,"HAS_ANSWER","446","Answer",131503
"349","Question",132519,"HAS_ANSWER","386","Answer",131299
"350","Question",132520,"HAS_ANSWER","449","Answer",47495
"450","Question",132521,"HAS_ANSWER","414","Answer",131401
"451","Question",132522,"HAS_ANSWER","446","Answer",131503
"452","Question",132524,"HAS_ANSWER","578","Answer",131485
"453","Question",132525,"HAS_ANSWER","579","Answer",131477
"454","Question",132526,"HAS_ANSWER","580","Answer",131408
"455","Question",132527,"HAS_ANSWER","581","Answer",131261
"456","Question",132528,"HAS_ANSWER","582","Answer",131482
"457","Question",132529,"HAS_ANSWER","583","Answer",131138
"458","Question",132530,"HAS_ANSWER","584","Answer",131456
"459","Question",132532,"HAS_ANSWER","583","Answer",131138
"460","Question",132533,"HAS_ANSWER","585","Answer",131386
"461","Question",132538,"HAS_ANSWER","586","Answer",132536
"462","Question",132539,"HAS_ANSWER","587","Answer",130413
"463","Question",132544,"HAS_ANSWER","588","Answer",65287
"464","Question",132546,"HAS_ANSWER","392","Answer",131320
"465","Question",132550,"HAS_ANSWER","589","Answer",132545
"466","Question",132555,"HAS_ANSWER","590","Answer",7257
"467","Question",132560,"HAS_ANSWER","591","Answer",131366
"468","Question",132561,"HAS_ANSWER","592","Answer",132547
"469","Question",132564,"HAS_ANSWER","593","Answer",131181
"470","Question",132565,"HAS_ANSWER","586","Answer",132536
"471","Question",132568,"HAS_ANSWER","586","Answer",132536
"472","Question",132571,"HAS_ANSWER","594","Answer",132557
"473","Question",132572,"HAS_ANSWER","595","Answer",74544
"474","Question",132573,"HAS_ANSWER","596","Answer",83133
"475","Question",132579,"HAS_ANSWER","597","Answer",132576
"476","Question",132580,"HAS_ANSWER","597","Answer",132576
"477","Question",132581,"HAS_ANSWER","598","Answer",132577
"478","Question",132582,"HAS_ANSWER","599","Answer",132535
"479","Question",132583,"HAS_ANSWER","600","Answer",132566
"480","Question",132585,"HAS_ANSWER","601","Answer",132584
"481","Question",132586,"HAS_ANSWER","602","Answer",132556
"482","Question",132587,"HAS_ANSWER","603","Answer",132570
"483","Question",132590,"HAS_ANSWER","604","Answer",121763
"484","Question",132593,"HAS_ANSWER","605","Answer",132575
"485","Question",132597,"HAS_ANSWER","606","Answer",71390
"486","Question",132603,"HAS_ANSWER","607","Answer",132596
"487","Question",132604,"HAS_ANSWER","425","Answer",131452
"488","Question",132608,"HAS_ANSWER","608","Answer",132607
"489","Question",132610,"HAS_ANSWER","609","Answer",114879
"490","Question",132611,"HAS_ANSWER","610","Answer",132595
"491","Question",132612,"HAS_ANSWER","611","Answer",131056
"492","Question",132613,"HAS_ANSWER","612","Answer",118497
"493","Question",132619,"HAS_ANSWER","613","Answer",132616
"494","Question",132626,"HAS_ANSWER","599","Answer",132535
"495","Question",132633,"HAS_ANSWER","614","Answer",132625
"496","Question",132637,"HAS_ANSWER","615","Answer",132609
"497","Question",132638,"HAS_ANSWER","616","Answer",74262
"498","Question",132644,"HAS_ANSWER","617","Answer",132622
"499","Question",132645,"HAS_ANSWER","610","Answer",132595
"500","Question",132646,"HAS_ANSWER","618","Answer",132627
"501","Question",132647,"HAS_ANSWER","619","Answer",34903
"502","Question",132649,"HAS_ANSWER","620","Answer",111160
"503","Question",132657,"HAS_ANSWER","621","Answer",132631
"504","Question",132658,"HAS_ANSWER","622","Answer",125914
"505","Question",132660,"HAS_ANSWER","623","Answer",132652
"506","Question",132661,"HAS_ANSWER","624","Answer",132648
"507","Question",132663,"HAS_ANSWER","625","Answer",132654
"508","Question",132664,"HAS_ANSWER","626","Answer",131241
"509","Question",132666,"HAS_ANSWER","627","Answer",86117
"510","Question",132668,"HAS_ANSWER","628","Answer",131486
"511","Question",132672,"HAS_ANSWER","427","Answer",131400
"512","Question",132674,"HAS_ANSWER","621","Answer",132631
"513","Question",132678,"HAS_ANSWER","629","Answer",132677
"514","Question",132681,"HAS_ANSWER","630","Answer",132679
"515","Question",132683,"HAS_ANSWER","631","Answer",132669
"516","Question",132690,"HAS_ANSWER","632","Answer",132686
"517","Question",132695,"HAS_ANSWER","633","Answer",132689
"518","Question",132697,"HAS_ANSWER","634","Answer",132687
"519","Question",132698,"HAS_ANSWER","617","Answer",132622
"520","Question",132700,"HAS_ANSWER","623","Answer",132652
"521","Question",132701,"HAS_ANSWER","635","Answer",13932
"522","Question",132707,"HAS_ANSWER","636","Answer",132703
"523","Question",132708,"HAS_ANSWER","637","Answer",132706
"524","Question",132715,"HAS_ANSWER","638","Answer",131304
"525","Question",132721,"HAS_ANSWER","639","Answer",132635
"526","Question",132724,"HAS_ANSWER","640","Answer",132720
"527","Question",132727,"HAS_ANSWER","641","Answer",132717
"528","Question",132728,"HAS_ANSWER","640","Answer",132720
"529","Question",132729,"HAS_ANSWER","642","Answer",132725
"530","Question",132731,"HAS_ANSWER","643","Answer",14002
"531","Question",132737,"HAS_ANSWER","644","Answer",132734
"532","Question",132745,"HAS_ANSWER","644","Answer",132734
"533","Question",132762,"HAS_ANSWER","645","Answer",132651
"534","Question",132765,"HAS_ANSWER","646","Answer",132691
"535","Question",132766,"HAS_ANSWER","647","Answer",132738
"536","Question",132767,"HAS_ANSWER","648","Answer",132759
"537","Question",132768,"HAS_ANSWER","649","Answer",109967
"538","Question",132771,"HAS_ANSWER","647","Answer",132738
"539","Question",132775,"HAS_ANSWER","650","Answer",132774
"540","Question",132779,"HAS_ANSWER","651","Answer",17319
"541","Question",132781,"HAS_ANSWER","652","Answer",70495
"542","Question",132782,"HAS_ANSWER","653","Answer",132778
"543","Question",132785,"HAS_ANSWER","654","Answer",132777
"544","Question",132788,"HAS_ANSWER","655","Answer",129291
"545","Question",132789,"HAS_ANSWER","656","Answer",24330
"546","Question",132791,"HAS_ANSWER","657","Answer",132770
"547","Question",132792,"HAS_ANSWER","658","Answer",132618
"548","Question",132795,"HAS_ANSWER","659","Answer",132709
"549","Question",132797,"HAS_ANSWER","660","Answer",132769
"550","Question",132802,"HAS_ANSWER","661","Answer",132760
"551","Question",132805,"HAS_ANSWER","648","Answer",132759
"552","Question",132809,"HAS_ANSWER","662","Answer",132796
"553","Question",132823,"HAS_ANSWER","663","Answer",132735
"554","Question",132824,"HAS_ANSWER","664","Answer",120521
"555","Question",132826,"HAS_ANSWER","665","Answer",132793
"556","Question",132828,"HAS_ANSWER","666","Answer",132813
"557","Question",132832,"HAS_ANSWER","654","Answer",132777
"558","Question",132834,"HAS_ANSWER","667","Answer",132798
"559","Question",132837,"HAS_ANSWER","668","Answer",132833
"560","Question",132844,"HAS_ANSWER","669","Answer",132836
"561","Question",132853,"HAS_ANSWER","670","Answer",132790
"562","Question",132854,"HAS_ANSWER","671","Answer",132847
"563","Question",132856,"HAS_ANSWER","672","Answer",120361
"564","Question",132861,"HAS_ANSWER","673","Answer",132509
"565","Question",132863,"HAS_ANSWER","674","Answer",130130
"566","Question",132864,"HAS_ANSWER","675","Answer",132723
"567","Question",132872,"HAS_ANSWER","676","Answer",114844
"568","Question",132875,"HAS_ANSWER","677","Answer",132842
"569","Question",132876,"HAS_ANSWER","678","Answer",132736
"570","Question",132878,"HAS_ANSWER","679","Answer",132862
"571","Question",132879,"HAS_ANSWER","680","Answer",132855
"572","Question",132881,"HAS_ANSWER","670","Answer",132790
"573","Question",132883,"HAS_ANSWER","681","Answer",132877
"574","Question",132885,"HAS_ANSWER","682","Answer",132840
"575","Question",132888,"HAS_ANSWER","683","Answer",132884
"576","Question",132889,"HAS_ANSWER","684","Answer",132886
"577","Question",132891,"HAS_ANSWER","683","Answer",132884
"685","Question",132892,"HAS_ANSWER","813","Answer",132808
"686","Question",132898,"HAS_ANSWER","684","Answer",132886
"687","Question",132899,"HAS_ANSWER","814","Answer",132830
"688","Question",132901,"HAS_ANSWER","815","Answer",132845
"689","Question",132904,"HAS_ANSWER","816","Answer",121387
"690","Question",132905,"HAS_ANSWER","817","Answer",132893
"691","Question",132909,"HAS_ANSWER","814","Answer",132830
"692","Question",132911,"HAS_ANSWER","650","Answer",132774
"693","Question",132916,"HAS_ANSWER","818","Answer",132913
"694","Question",132917,"HAS_ANSWER","819","Answer",131463
"695","Question",132921,"HAS_ANSWER","820","Answer",132918
"696","Question",132922,"HAS_ANSWER","821","Answer",132829
"697","Question",132923,"HAS_ANSWER","822","Answer",132887
"698","Question",132927,"HAS_ANSWER","823","Answer",132780
"699","Question",132930,"HAS_ANSWER","824","Answer",132920
"700","Question",132932,"HAS_ANSWER","824","Answer",132920
"701","Question",132937,"HAS_ANSWER","825","Answer",132914
"702","Question",132938,"HAS_ANSWER","826","Answer",132751
"703","Question",132940,"HAS_ANSWER","583","Answer",131138
"704","Question",132941,"HAS_ANSWER","826","Answer",132751
"705","Question",132943,"HAS_ANSWER","827","Answer",132874
"706","Question",132947,"HAS_ANSWER","828","Answer",132871
"707","Question",132961,"HAS_ANSWER","829","Answer",132949
"708","Question",132963,"HAS_ANSWER","829","Answer",132949
"709","Question",132964,"HAS_ANSWER","823","Answer",132780
"710","Question",132965,"HAS_ANSWER","830","Answer",132948
"711","Question",132967,"HAS_ANSWER","831","Answer",132958
"712","Question",132968,"HAS_ANSWER","825","Answer",132914
"713","Question",132970,"HAS_ANSWER","829","Answer",132949
"714","Question",132973,"HAS_ANSWER","820","Answer",132918
"715","Question",132974,"HAS_ANSWER","832","Answer",132972
"716","Question",132975,"HAS_ANSWER","820","Answer",132918
"717","Question",132977,"HAS_ANSWER","833","Answer",132955
"718","Question",132978,"HAS_ANSWER","834","Answer",132952
"719","Question",132980,"HAS_ANSWER","831","Answer",132958
"720","Question",132981,"HAS_ANSWER","835","Answer",132976
"721","Question",132982,"HAS_ANSWER","836","Answer",132979
"722","Question",132987,"HAS_ANSWER","837","Answer",95374
"723","Question",132989,"HAS_ANSWER","838","Answer",132942
"724","Question",132992,"HAS_ANSWER","839","Answer",132988
"725","Question",132997,"HAS_ANSWER","840","Answer",130569
"726","Question",132998,"HAS_ANSWER","841","Answer",132996
"727","Question",132999,"HAS_ANSWER","842","Answer",132957
"728","Question",133002,"HAS_ANSWER","843","Answer",132993
"729","Question",133003,"HAS_ANSWER","844","Answer",130357
"730","Question",133007,"HAS_ANSWER","841","Answer",132996
"731","Question",133013,"HAS_ANSWER","845","Answer",133009
"732","Question",133018,"HAS_ANSWER","846","Answer",82105
"733","Question",133021,"HAS_ANSWER","847","Answer",133014
"734","Question",133023,"HAS_ANSWER","848","Answer",132851
"735","Question",133024,"HAS_ANSWER","849","Answer",132831
"736","Question",133026,"HAS_ANSWER","850","Answer",133025
"737","Question",133031,"HAS_ANSWER","851","Answer",132995
"738","Question",133037,"HAS_ANSWER","583","Answer",131138
"739","Question",133038,"HAS_ANSWER","852","Answer",132971
"740","Question",133044,"HAS_ANSWER","853","Answer",133042
"741","Question",133045,"HAS_ANSWER","854","Answer",132994
"742","Question",133049,"HAS_ANSWER","855","Answer",133006
"743","Question",133051,"HAS_ANSWER","856","Answer",133043
"744","Question",133052,"HAS_ANSWER","857","Answer",133022
"745","Question",133053,"HAS_ANSWER","856","Answer",133043
"746","Question",133054,"HAS_ANSWER","858","Answer",133010
"747","Question",133056,"HAS_ANSWER","859","Answer",133005
"748","Question",133057,"HAS_ANSWER","860","Answer",133019
"749","Question",133063,"HAS_ANSWER","861","Answer",1595
"750","Question",133066,"HAS_ANSWER","862","Answer",133064
"751","Question",133068,"HAS_ANSWER","863","Answer",133065
"752","Question",133070,"HAS_ANSWER","863","Answer",133065
"753","Question",133071,"HAS_ANSWER","864","Answer",133067
"754","Question",133078,"HAS_ANSWER","865","Answer",133058
"755","Question",133081,"HAS_ANSWER","866","Answer",133080
"756","Question",133087,"HAS_ANSWER","867","Answer",133075
"757","Question",133092,"HAS_ANSWER","868","Answer",58001
"758","Question",133095,"HAS_ANSWER","869","Answer",133089
"759","Question",133100,"HAS_ANSWER","870","Answer",133091
"760","Question",133101,"HAS_ANSWER","871","Answer",133093
"761","Question",133104,"HAS_ANSWER","872","Answer",133102
"762","Question",133106,"HAS_ANSWER","873","Answer",45153
"763","Question",133109,"HAS_ANSWER","874","Answer",133103
"764","Question",133111,"HAS_ANSWER","875","Answer",133107
"765","Question",133115,"HAS_ANSWER","876","Answer",28474
"766","Question",133119,"HAS_ANSWER","877","Answer",133084
"767","Question",133121,"HAS_ANSWER","860","Answer",133019
"768","Question",133122,"HAS_ANSWER","878","Answer",133046
"769","Question",133125,"HAS_ANSWER","879","Answer",133072
"770","Question",133126,"HAS_ANSWER","880","Answer",133124
"771","Question",133127,"HAS_ANSWER","881","Answer",132806
"772","Question",133130,"HAS_ANSWER","882","Answer",35479
"773","Question",133133,"HAS_ANSWER","883","Answer",133120
"774","Question",133139,"HAS_ANSWER","884","Answer",133138
"775","Question",133147,"HAS_ANSWER","885","Answer",133145
"776","Question",133152,"HAS_ANSWER","886","Answer",133061
"777","Question",133153,"HAS_ANSWER","887","Answer",77791
"778","Question",133159,"HAS_ANSWER","888","Answer",133157
"779","Question",133162,"HAS_ANSWER","578","Answer",131485
"780","Question",133163,"HAS_ANSWER","889","Answer",109211
"781","Question",133166,"HAS_ANSWER","890","Answer",133137
"782","Question",133170,"HAS_ANSWER","891","Answer",133155
"783","Question",133171,"HAS_ANSWER","891","Answer",133155
"784","Question",133176,"HAS_ANSWER","892","Answer",87037
"785","Question",133178,"HAS_ANSWER","893","Answer",133000
"786","Question",133179,"HAS_ANSWER","894","Answer",95994
"787","Question",133186,"HAS_ANSWER","895","Answer",133172
"788","Question",133188,"HAS_ANSWER","896","Answer",132726
"789","Question",133191,"HAS_ANSWER","897","Answer",133059
"790","Question",133192,"HAS_ANSWER","898","Answer",133123
"791","Question",133194,"HAS_ANSWER","899","Answer",133160
"792","Question",133195,"HAS_ANSWER","900","Answer",133185
"793","Question",133199,"HAS_ANSWER","901","Answer",133197
"794","Question",133202,"HAS_ANSWER","902","Answer",91816
"795","Question",133204,"HAS_ANSWER","903","Answer",132696
"796","Question",133205,"HAS_ANSWER","904","Answer",11859
"797","Question",133207,"HAS_ANSWER","905","Answer",133118
"798","Question",133209,"HAS_ANSWER","131","Answer",130867
"799","Question",133215,"HAS_ANSWER","905","Answer",133118
"800","Question",133217,"HAS_ANSWER","905","Answer",133118
"801","Question",133218,"HAS_ANSWER","131","Answer",130867
"802","Question",133219,"HAS_ANSWER","906","Answer",90461
"803","Question",133220,"HAS_ANSWER","907","Answer",20341
"804","Question",133221,"HAS_ANSWER","905","Answer",133118
"805","Question",133223,"HAS_ANSWER","908","Answer",133216
"806","Question",133226,"HAS_ANSWER","901","Answer",133197
"807","Question",133230,"HAS_ANSWER","909","Answer",133227
"808","Question",133231,"HAS_ANSWER","910","Answer",133229
"809","Question",133235,"HAS_ANSWER","911","Answer",133228
"810","Question",133236,"HAS_ANSWER","912","Answer",88861
"811","Question",133239,"HAS_ANSWER","911","Answer",133228
"812","Question",133240,"HAS_ANSWER","913","Answer",120885
"914","Question",133242,"HAS_ANSWER","884","Answer",133138
"915","Question",133246,"HAS_ANSWER","1042","Answer",130220
"916","Question",133250,"HAS_ANSWER","1043","Answer",129885
"917","Question",133251,"HAS_ANSWER","1044","Answer",133243
"918","Question",133253,"HAS_ANSWER","1045","Answer",132925
"919","Question",133256,"HAS_ANSWER","1046","Answer",133247
"920","Question",133257,"HAS_ANSWER","1047","Answer",81395
"921","Question",133259,"HAS_ANSWER","1048","Answer",78113
"922","Question",133260,"HAS_ANSWER","1049","Answer",133245
"923","Question",133262,"HAS_ANSWER","1050","Answer",133255
"924","Question",133266,"HAS_ANSWER","1049","Answer",133245
"925","Question",133269,"HAS_ANSWER","1051","Answer",133268
"926","Question",133271,"HAS_ANSWER","1052","Answer",133261
"927","Question",133273,"HAS_ANSWER","1052","Answer",133261
"928","Question",133274,"HAS_ANSWER","1053","Answer",133249
"929","Question",133277,"HAS_ANSWER","1046","Answer",133247
"930","Question",133278,"HAS_ANSWER","1054","Answer",133276
"931","Question",133279,"HAS_ANSWER","1055","Answer",133272
"932","Question",133285,"HAS_ANSWER","1054","Answer",133276
"933","Question",133287,"HAS_ANSWER","1056","Answer",133258
"934","Question",133288,"HAS_ANSWER","1057","Answer",82155
"935","Question",133292,"HAS_ANSWER","1058","Answer",133281
"936","Question",133296,"HAS_ANSWER","1059","Answer",133238
"937","Question",133298,"HAS_ANSWER","1060","Answer",133297
"938","Question",133299,"HAS_ANSWER","1044","Answer",133243
"939","Question",133300,"HAS_ANSWER","1058","Answer",133281
"940","Question",133301,"HAS_ANSWER","1049","Answer",133245
"941","Question",133302,"HAS_ANSWER","1061","Answer",99860
"942","Question",133307,"HAS_ANSWER","1062","Answer",14781
"943","Question",133308,"HAS_ANSWER","1060","Answer",133297
"944","Question",133315,"HAS_ANSWER","1063","Answer",133312
"945","Question",133317,"HAS_ANSWER","1064","Answer",133314
"946","Question",133318,"HAS_ANSWER","909","Answer",133227
"947","Question",133319,"HAS_ANSWER","1064","Answer",133314
"948","Question",133321,"HAS_ANSWER","1065","Answer",112085
"949","Question",133331,"HAS_ANSWER","1066","Answer",99669
"950","Question",133333,"HAS_ANSWER","1063","Answer",133312
"951","Question",133335,"HAS_ANSWER","911","Answer",133228
"952","Question",133339,"HAS_ANSWER","1067","Answer",133337
"953","Question",133346,"HAS_ANSWER","1068","Answer",133324
"954","Question",133352,"HAS_ANSWER","1069","Answer",95495
"955","Question",133353,"HAS_ANSWER","1070","Answer",133316
"956","Question",133354,"HAS_ANSWER","1070","Answer",133316
"957","Question",133355,"HAS_ANSWER","1071","Answer",133329
"958","Question",133357,"HAS_ANSWER","1072","Answer",133342
"959","Question",133360,"HAS_ANSWER","1073","Answer",133347
"960","Question",133363,"HAS_ANSWER","1074","Answer",133362
"961","Question",133370,"HAS_ANSWER","1075","Answer",133369
"962","Question",133373,"HAS_ANSWER","1076","Answer",133365
"963","Question",133378,"HAS_ANSWER","1077","Answer",133375