"~id","~labels","id"
"0","Question",130864
"1","Question",130868
"2","Question",130870
"3","Question",130871
"4","Question",130873
"5","Question",130876
"6","Question",130880
"7","Question",130887
"8","Question",130889
"9","Question",130890
"10","Question",130892
"11","Question",130896
"12","Question",130903
"13","Question",130904
"14","Question",130906
"15","Question",130909
"16","Question",130910
"17","Question",130914
"18","Question",130915
"19","Question",130916
"20","Question",130920
"21","Question",130921
"22","Question",130923
"23","Question",130924
"24","Question",130925
"25","Question",130927
"26","Question",130930
"27","Question",130932
"28","Question",130934
"29","Question",130935
"30","Question",130936
"31","Question",130938
"32","Question",130942
"33","Question",130945
"34","Question",130948
"35","Question",130949
"36","Question",130950
"37","Question",130952
"38","Question",130953
"39","Question",130955
"40","Question",130959
"41","Question",130963
"42","Question",130964
"43","Question",130965
"44","Question",130971
"45","Question",130973
"46","Question",130977
"47","Question",130981
"48","Question",130982
"49","Question",130986
"50","Question",130987
"51","Question",130990
"52","Question",130995
"53","Question",131000
"54","Question",131001
"55","Question",131002
"56","Question",131003
"57","Question",131004
"58","Question",131008
"59","Question",131009
"60","Question",131010
"61","Question",131011
"62","Question",131012
"63","Question",131013
"64","Question",131016
"65","Question",131018
"66","Question",131020
"67","Question",131027
"68","Question",131030
"69","Question",131031
"70","Question",131033
"71","Question",131035
"72","Question",131036
"73","Question",131040
"74","Question",131042
"75","Question",131043
"76","Question",131047
"77","Question",131048
"78","Question",131049
"79","Question",131050
"80","Question",131052
"81","Question",131055
"82","Question",131061
"83","Question",131062
"84","Question",131069
"85","Question",131073
"86","Question",131077
"87","Question",131078
"88","Question",131081
"89","Question",131085
"90","Question",131096
"91","Question",131098
"92","Question",131099
"93","Question",131100
"94","Question",131102
"95","Question",131105
"96","Question",131107
"97","Question",131108
"98","Question",131110
"99","Question",131111
"100","Question",131114
"101","Question",131116
"102","Question",131119
"103","Question",131124
"104","Question",131127
"105","Question",131129
"106","Question",131131
"107","Question",131132
"108","Question",131133
"109","Question",131135
"110","Question",131136
"111","Question",131137
"112","Question",131143
"113","Question",131147
"114","Question",131150
"115","Question",131153
"116","Question",131156
"117","Question",131157
"118","Question",131158
"119","Question",131159
"120","Question",131161
"121","Question",131163
"122","Question",131169
"123","Question",131172
"124","Question",131173
"125","Question",131175
"126","Question",131176
"127","Question",131183
"128","Answer",130861
"129","Answer",130846
"130","Answer",19000
"131","Answer",130867
"132","Answer",130869
"133","Answer",59684
"134","Answer",130872
"135","Answer",122426
"136","Answer",130883
"137","Answer",130540
"138","Answer",124489
"139","Answer",130895
"140","Answer",129989
"141","Answer",53107
"142","Answer",130888
"143","Answer",88207
"144","Answer",130562
"145","Answer",38328
"146","Answer",130917
"147","Answer",130918
"148","Answer",130879
"149","Answer",78605
"150","Answer",117350
"151","Answer",130843
"152","Answer",130913
"153","Answer",130907
"154","Answer",130687
"155","Answer",130937
"156","Answer",130941
"157","Answer",130944
"158","Answer",130939
"159","Answer",130805
"160","Answer",130894
"161","Answer",130956
"162","Answer",101353
"163","Answer",130970
"164","Answer",130966
"165","Answer",130900
"166","Answer",130985
"167","Answer",130962
"168","Answer",130992
"169","Answer",130991
"170","Answer",130997
"171","Answer",130993
"172","Answer",130998
"173","Answer",130714
"174","Answer",129661
"175","Answer",131015
"176","Answer",130994
"177","Answer",130999
"178","Answer",131029
"179","Answer",130736
"180","Answer",131028
"181","Answer",94743
"182","Answer",130947
"183","Answer",87870
"184","Answer",131037
"185","Answer",131046
"186","Answer",131041
"187","Answer",123094
"188","Answer",131034
"189","Answer",131057
"190","Answer",131065
"191","Answer",129402
"192","Answer",65656
"193","Answer",131088
"194","Answer",131095
"195","Answer",131092
"196","Answer",131089
"197","Answer",131054
"198","Answer",112476
"199","Answer",123692
"200","Answer",131106
"201","Answer",131068
"202","Answer",131104
"203","Answer",130902
"204","Answer",131019
"205","Answer",121520
"206","Answer",131128
"207","Answer",131125
"208","Answer",131130
"209","Answer",131118
"210","Answer",131145
"211","Answer",131149
"212","Answer",131139
"213","Answer",43709
"214","Answer",131152
"215","Answer",131144
"216","Answer",130983
"217","Answer",131123
"218","Answer",131164
"219","Answer",123480
"220","Answer",131166
"221","Answer",82473
"222","Answer",131182
"223","Question",131184
"224","Question",131185
"225","Question",131186
"226","Question",131187
"227","Question",131188
"228","Question",131197
"229","Question",131203
"230","Question",131206
"231","Question",131209
"232","Question",131210
"233","Question",131217
"234","Question",131221
"235","Question",131222
"236","Question",131226
"237","Question",131231
"238","Question",131232
"239","Question",131234
"240","Question",131235
"241","Question",131238
"242","Question",131242
"243","Question",131244
"244","Question",131247
"245","Question",131252
"246","Question",131254
"247","Question",131257
"248","Question",131259
"249","Question",131262
"250","Question",131264
"251","Question",131266
"252","Question",131270
"253","Question",131271
"254","Question",131273
"255","Question",131274
"256","Question",131276
"257","Question",131277
"258","Question",131284
"259","Question",131288
"260","Question",131289
"261","Question",131291
"262","Question",131292
"263","Question",131298
"264","Question",131300
"265","Question",131302
"266","Question",131305
"267","Question",131306
"268","Question",131308
"269","Question",131311
"270","Question",131313
"271","Question",131314
"272","Question",131315
"273","Question",131318
"274","Question",131323
"275","Question",131324
"276","Question",131325
"277","Question",131329
"278","Question",131330
"279","Question",131333
"280","Question",131335
"281","Question",131337
"282","Question",131338
"283","Question",131346
"284","Question",131352
"285","Question",131354
"286","Question",131356
"287","Question",131358
"288","Question",131359
"289","Question",131365
"290","Question",131371
"291","Question",131372
"292","Question",131373
"293","Question",131377
"294","Question",131378
"295","Question",131384
"296","Question",131385
"297","Question",131387
"298","Question",131391
"299","Question",131392
"300","Question",131397
"301","Question",131399
"302","Question",131402
"303","Question",131411
"304","Question",131412
"305","Question",131417
"306","Question",131418
"307","Question",131422
"308","Question",131427
"309","Question",131429
"310","Question",131430
"311","Question",131434
"312","Question",131437
"313","Question",131439
"314","Question",131445
"315","Question",131448
"316","Question",131453
"317","Question",131454
"318","Question",131461
"319","Question",131462
"320","Question",131464
"321","Question",131467
"322","Question",131469
"323","Question",131472
"324","Question",131473
"325","Question",131474
"326","Question",131475
"327","Question",131478
"328","Question",131479
"329","Question",131480
"330","Question",131481
"331","Question",131483
"332","Question",131487
"333","Question",131489
"334","Question",131492
"335","Question",131494
"336","Question",131496
"337","Question",131498
"338","Question",131499
"339","Question",131501
"340","Question",131504
"341","Question",131505
"342","Question",131506
"343","Question",132510
"344","Question",132513
"345","Question",132514
"346","Question",132516
"347","Question",132517
"348","Question",132518
"349","Question",132519
"350","Question",132520
"351","Answer",131179
"352","Answer",131178
"353","Answer",131171
"354","Answer",131193
"355","Answer",12900
"356","Answer",62940
"357","Answer",131199
"358","Answer",119710
"359","Answer",131214
"360","Answer",131219
"361","Answer",131225
"362","Answer",131196
"363","Answer",131233
"364","Answer",131148
"365","Answer",131237
"366","Answer",131215
"367","Answer",131246
"368","Answer",129109
"369","Answer",131211
"370","Answer",131080
"371","Answer",131255
"372","Answer",131249
"373","Answer",83005
"374","Answer",131253
"375","Answer",131267
"376","Answer",131167
"377","Answer",103273
"378","Answer",131268
"379","Answer",131281
"380","Answer",131230
"381","Answer",106075
"382","Answer",131140
"383","Answer",131285
"384","Answer",131295
"385","Answer",131286
"386","Answer",131299
"387","Answer",131279
"388","Answer",131309
"389","Answer",73939
"390","Answer",131316
"391","Answer",61928
"392","Answer",131320
"393","Answer",131294
"394","Answer",131312
"395","Answer",131134
"396","Answer",129367
"397","Answer",131275
"398","Answer",131343
"399","Answer",126244
"400","Answer",131357
"401","Answer",131341
"402","Answer",131369
"403","Answer",131229
"404","Answer",109215
"405","Answer",38967
"406","Answer",131383
"407","Answer",101375
"408","Answer",131388
"409","Answer",131389
"410","Answer",131393
"411","Answer",129472
"412","Answer",131191
"413","Answer",96501
"414","Answer",131401
"415","Answer",131424
"416","Answer",131421
"417","Answer",129592
"418","Answer",131416
"419","Answer",131435
"420","Answer",131433
"421","Answer",131446
"422","Answer",131190
"423","Answer",131442
"424","Answer",131431
"425","Answer",131452
"426","Answer",131455
"427","Answer",131400
"428","Answer",131466
"429","Answer",131465
"430","Answer",131459
"431","Answer",72774
"432","Answer",131426
"433","Answer",131470
"434","Answer",131208
"435","Answer",131142
"436","Answer",131471
"437","Answer",131476
"438","Answer",120163
"439","Answer",131493
"440","Answer",21021
"441","Answer",121420
"442","Answer",126553
"443","Answer",131248
"444","Answer",131507
"445","Answer",132511
"446","Answer",131503
"447","Answer",131396
"448","Answer",131360
"449","Answer",47495
"450","Question",132521
"451","Question",132522
"452","Question",132524
"453","Question",132525
"454","Question",132526
"455","Question",132527
"456","Question",132528
"457","Question",132529
"458","Question",132530
"459","Question",132532
"460","Question",132533
"461","Question",132538
"462","Question",132539
"463","Question",132544
"464","Question",132546
"465","Question",132550
"466","Question",132555
"467","Question",132560
"468","Question",132561
"469","Question",132564
"470","Question",132565
"471","Question",132568
"472","Question",132571
"473","Question",132572
"474","Question",132573
"475","Question",132579
"476","Question",132580
"477","Question",132581
"478","Question",132582
"479","Question",132583
"480","Question",132585
"481","Question",132586
"482","Question",132587
"483","Question",132590
"484","Question",132593
"485","Question",132597
"486","Question",132603
"487","Question",132604
"488","Question",132608
"489","Question",132610
"490","Question",132611
"491","Question",132612
"492","Question",132613
"493","Question",132619
"494","Question",132626
"495","Question",132633
"496","Question",132637
"497","Question",132638
"498","Question",132644
"499","Question",132645
"500","Question",132646
"501","Question",132647
"502","Question",132649
"503","Question",132657
"504","Question",132658
"505","Question",132660
"506","Question",132661
"507","Question",132663
"508","Question",132664
"509","Question",132666
"510","Question",132668
"511","Question",132672
"512","Question",132674
"513","Question",132678
"514","Question",132681
"515","Question",132683
"516","Question",132690
"517","Question",132695
"518","Question",132697
"519","Question",132698
"520","Question",132700
"521","Question",132701
"522","Question",132707
"523","Question",132708
"524","Question",132715
"525","Question",132721
"526","Question",132724
"527","Question",132727
"528","Question",132728
"529","Question",132729
"530","Question",132731
"531","Question",132737
"532","Question",132745
"533","Question",132762
"534","Question",132765
"535","Question",132766
"536","Question",132767
"537","Question",132768
"538","Question",132771
"539","Question",132775
"540","Question",132779
"541","Question",132781
"542","Question",132782
"543","Question",132785
"544","Question",132788
"545","Question",132789
"546","Question",132791
"547","Question",132792
"548","Question",132795
"549","Question",132797
"550","Question",132802
"551","Question",132805
"552","Question",132809
"553","Question",132823
"554","Question",132824
"555","Question",132826
"556","Question",132828
"557","Question",132832
"558","Question",132834
"559","Question",132837
"560","Question",132844
"561","Question",132853
"562","Question",132854
"563","Question",132856
"564","Question",132861
"565","Question",132863
"566","Question",132864
"567","Question",132872
"568","Question",132875
"569","Question",132876
"570","Question",132878
"571","Question",132879
"572","Question",132881
"573","Question",132883
"574","Question",132885
"575","Question",132888
"576","Question",132889
"577","Question",132891
"578","Answer",131485
"579","Answer",131477
"580","Answer",131408
"581","Answer",131261
"582","Answer",131482
"583","Answer",131138
"584","Answer",131456
"585","Answer",131386
"586","Answer",132536
"587","Answer",130413
"588","Answer",65287
"589","Answer",132545
"590","Answer",7257
"591","Answer",131366
"592","Answer",132547
"593","Answer",131181
"594","Answer",132557
"595","Answer",74544
"596","Answer",83133
"597","Answer",132576
"598","Answer",132577
"599","Answer",132535
"600","Answer",132566
"601","Answer",132584
"602","Answer",132556
"603","Answer",132570
"604","Answer",121763
"605","Answer",132575
"606","Answer",71390
"607","Answer",132596
"608","Answer",132607
"609","Answer",114879
"610","Answer",132595
"611","Answer",131056
"612","Answer",118497
"613","Answer",132616
"614","Answer",132625
"615","Answer",132609
"616","Answer",74262
"617","Answer",132622
"618","Answer",132627
"619","Answer",34903
"620","Answer",111160
"621","Answer",132631
"622","Answer",125914
"623","Answer",132652
"624","Answer",132648
"625","Answer",132654
"626","Answer",131241
"627","Answer",86117
"628","Answer",131486
"629","Answer",132677
"630","Answer",132679
"631","Answer",132669
"632","Answer",132686
"633","Answer",132689
"634","Answer",132687
"635","Answer",13932
"636","Answer",132703
"637","Answer",132706
"638","Answer",131304
"639","Answer",132635
"640","Answer",132720
"641","Answer",132717
"642","Answer",132725
"643","Answer",14002
"644","Answer",132734
"645","Answer",132651
"646","Answer",132691
"647","Answer",132738
"648","Answer",132759
"649","Answer",109967
"650","Answer",132774
"651","Answer",17319
"652","Answer",70495
"653","Answer",132778
"654","Answer",132777
"655","Answer",129291
"656","Answer",24330
"657","Answer",132770
"658","Answer",132618
"659","Answer",132709
"660","Answer",132769
"661","Answer",132760
"662","Answer",132796
"663","Answer",132735
"664","Answer",120521
"665","Answer",132793
"666","Answer",132813
"667","Answer",132798
"668","Answer",132833
"669","Answer",132836
"670","Answer",132790
"671","Answer",132847
"672","Answer",120361
"673","Answer",132509
"674","Answer",130130
"675","Answer",132723
"676","Answer",114844
"677","Answer",132842
"678","Answer",132736
"679","Answer",132862
"680","Answer",132855
"681","Answer",132877
"682","Answer",132840
"683","Answer",132884
"684","Answer",132886
"685","Question",132892
"686","Question",132898
"687","Question",132899
"688","Question",132901
"689","Question",132904
"690","Question",132905
"691","Question",132909
"692","Question",132911
"693","Question",132916
"694","Question",132917
"695","Question",132921
"696","Question",132922
"697","Question",132923
"698","Question",132927
"699","Question",132930
"700","Question",132932
"701","Question",132937
"702","Question",132938
"703","Question",132940
"704","Question",132941
"705","Question",132943
"706","Question",132947
"707","Question",132961
"708","Question",132963
"709","Question",132964
"710","Question",132965
"711","Question",132967
"712","Question",132968
"713","Question",132970
"714","Question",132973
"715","Question",132974
"716","Question",132975
"717","Question",132977
"718","Question",132978
"719","Question",132980
"720","Question",132981
"721","Question",132982
"722","Question",132987
"723","Question",132989
"724","Question",132992
"725","Question",132997
"726","Question",132998
"727","Question",132999
"728","Question",133002
"729","Question",133003
"730","Question",133007
"731","Question",133013
"732","Question",133018
"733","Question",133021
"734","Question",133023
"735","Question",133024
"736","Question",133026
"737","Question",133031
"738","Question",133037
"739","Question",133038
"740","Question",133044
"741","Question",133045
"742","Question",133049
"743","Question",133051
"744","Question",133052
"745","Question",133053
"746","Question",133054
"747","Question",133056
"748","Question",133057
"749","Question",133063
"750","Question",133066
"751","Question",133068
"752","Question",133070
"753","Question",133071
"754","Question",133078
"755","Question",133081
"756","Question",133087
"757","Question",133092
"758","Question",133095
"759","Question",133100
"760","Question",133101
"761","Question",133104
"762","Question",133106
"763","Question",133109
"764","Question",133111
"765","Question",133115
"766","Question",133119
"767","Question",133121
"768","Question",133122
"769","Question",133125
"770","Question",133126
"771","Question",133127
"772","Question",133130
"773","Question",133133
"774","Question",133139
"775","Question",133147
"776","Question",133152
"777","Question",133153
"778","Question",133159
"779","Question",133162
"780","Question",133163
"781","Question",133166
"782","Question",133170
"783","Question",133171
"784","Question",133176
"785","Question",133178
"786","Question",133179
"787","Question",133186
"788","Question",133188
"789","Question",133191
"790","Question",133192
"791","Question",133194
"792","Question",133195
"793","Question",133199
"794","Question",133202
"795","Question",133204
"796","Question",133205
"797","Question",133207
"798","Question",133209
"799","Question",133215
"800","Question",133217
"801","Question",133218
"802","Question",133219
"803","Question",133220
"804","Question",133221
"805","Question",133223
"806","Question",133226
"807","Question",133230
"808","Question",133231
"809","Question",133235
"810","Question",133236
"811","Question",133239
"812","Question",133240
"813","Answer",132808
"814","Answer",132830
"815","Answer",132845
"816","Answer",121387
"817","Answer",132893
"818","Answer",132913
"819","Answer",131463
"820","Answer",132918
"821","Answer",132829
"822","Answer",132887
"823","Answer",132780
"824","Answer",132920
"825","Answer",132914
"826","Answer",132751
"827","Answer",132874
"828","Answer",132871
"829","Answer",132949
"830","Answer",132948
"831","Answer",132958
"832","Answer",132972
"833","Answer",132955
"834","Answer",132952
"835","Answer",132976
"836","Answer",132979
"837","Answer",95374
"838","Answer",132942
"839","Answer",132988
"840","Answer",130569
"841","Answer",132996
"842","Answer",132957
"843","Answer",132993
"844","Answer",130357
"845","Answer",133009
"846","Answer",82105
"847","Answer",133014
"848","Answer",132851
"849","Answer",132831
"850","Answer",133025
"851","Answer",132995
"852","Answer",132971
"853","Answer",133042
"854","Answer",132994
"855","Answer",133006
"856","Answer",133043
"857","Answer",133022
"858","Answer",133010
"859","Answer",133005
"860","Answer",133019
"861","Answer",1595
"862","Answer",133064
"863","Answer",133065
"864","Answer",133067
"865","Answer",133058
"866","Answer",133080
"867","Answer",133075
"868","Answer",58001
"869","Answer",133089
"870","Answer",133091
"871","Answer",133093
"872","Answer",133102
"873","Answer",45153
"874","Answer",133103
"875","Answer",133107
"876","Answer",28474
"877","Answer",133084
"878","Answer",133046
"879","Answer",133072
"880","Answer",133124
"881","Answer",132806
"882","Answer",35479
"883","Answer",133120
"884","Answer",133138
"885","Answer",133145
"886","Answer",133061
"887","Answer",77791
"888","Answer",133157
"889","Answer",109211
"890","Answer",133137
"891","Answer",133155
"892","Answer",87037
"893","Answer",133000
"894","Answer",95994
"895","Answer",133172
"896","Answer",132726
"897","Answer",133059
"898","Answer",133123
"899","Answer",133160
"900","Answer",133185
"901","Answer",133197
"902","Answer",91816
"903","Answer",132696
"904","Answer",11859
"905","Answer",133118
"906","Answer",90461
"907","Answer",20341
"908","Answer",133216
"909","Answer",133227
"910","Answer",133229
"911","Answer",133228
"912","Answer",88861
"913","Answer",120885
"914","Question",133242
"915","Question",133246
"916","Question",133250
"917","Question",133251
"918","Question",133253
"919","Question",133256
"920","Question",133257
"921","Question",133259
"922","Question",133260
"923","Question",133262
"924","Question",133266
"925","Question",133269
"926","Question",133271
"927","Question",133273
"928","Question",133274
"929","Question",133277
"930","Question",133278
"931","Question",133279
"932","Question",133285
"933","Question",133287
"934","Question",133288
"935","Question",133292
"936","Question",133296
"937","Question",133298
"938","Question",133299
"939","Question",133300
"940","Question",133301
"941","Question",133302
"942","Question",133307
"943","Question",133308
"944","Question",133315
"945","Question",133317
"946","Question",133318
"947","Question",133319
"948","Question",133321
"949","Question",133331
"950","Question",133333
"951","Question",133335
"952","Question",133339
"953","Question",133346
"954","Question",133352
"955","Question",133353
"956","Question",133354
"957","Question",133355
"958","Question",133357
"959","Question",133360
"960","Question",133363
"961","Question",133370
"962","Question",133373
"963","Question",133378
"1042","Answer",130220
"1043","Answer",129885
"1044","Answer",133243
"1045","Answer",132925
"1046","Answer",133247
"1047","Answer",81395
"1048","Answer",78113
"1049","Answer",133245
"1050","Answer",133255
"1051","Answer",133268
"1052","Answer",133261
"1053","Answer",133249
"1054","Answer",133276
"1055","Answer",133272
"1056","Answer",133258
"1057","Answer",82155
"1058","Answer",133281
"1059","Answer",133238
"1060","Answer",133297
"1061","Answer",99860
"1062","Answer",14781
"1063","Answer",133312
"1064","Answer",133314
"1065","Answer",112085
"1066","Answer",99669
"1067","Answer",133337
"1068","Answer",133324
"1069","Answer",95495
"1070","Answer",133316
"1071","Answer",133329
"1072","Answer",133342
"1073","Answer",133347
"1074","Answer",133362
"1075","Answer",133369
"1076","Answer",133365
"1077","Answer",133375